,X1,X2
0,-10.97987346168177,-4.400656709116582
1,-2.351220657673829,4.0097363419871845
2,-6.875246314002387,-4.001372226268591
3,-7.489953159413325,-6.494828764816119
4,-2.760179083161441,5.551213578682775
5,-6.582284232133581,-9.258660457851773
6,-0.7906737489426516,5.156901508708169
7,-2.6149851683222085,4.9924002999457775
8,-9.48116003761073,-4.210743543870034
9,-6.979599201478592,-7.939898835226391
10,-7.842520541033686,-7.3689549375169605
11,-10.197651896874381,-3.945959563657021
12,-6.381589408915968,-3.8139893048028095
13,-1.858558089752244,6.272961243995287
14,-3.5548268534249856,4.496218986287813
15,-2.2607167065979032,4.962563378920547
16,-5.489733294297807,-4.130538264024608
17,-6.297588557170322,-9.633882723904312
18,-9.31990493253329,-5.05992161475509
19,-5.084472539005902,-2.650867326958252
20,-6.1516233310637105,-7.210714961610106
21,-2.8964132824899167,5.282328796492461
22,-6.531390630857011,-1.9241142968401093
23,-6.393337522555761,-2.2271892217973255
24,-5.04984875811863,-1.980047533473117
25,-6.2074028526276885,-2.6036079054764985
26,-6.356498040855914,-5.085530998057091
27,-10.169153691130635,-3.766411501591209
28,-2.0343645932511722,3.6565202515674953
29,-9.358783184233292,-4.419008279797038
30,-6.765056981882448,-10.009869526848112
31,-1.5377386349570825,5.535973776755081
32,-2.5582430992671656,4.726146810787755
33,-8.137407485648698,-7.8631867402685405
34,-5.917275509050967,-8.667963026692366
35,-7.238550166357115,-1.6422568167505007
36,-10.427098476866114,-4.427938414442613
37,-2.5753517550171985,3.9992378258231955
38,-8.676736824565529,-7.430661657473017
39,-6.225347960871524,-8.80884479177039
40,-6.481618876084821,-4.198171281855741
41,-1.6982554152145706,2.7907175141398666
42,-6.398638384371642,-8.941558373146533
43,-8.603631461152672,-4.542128154531725
44,-6.924389320605683,-3.6778656104223595
45,-2.44147158863532,3.9689808860145805
46,-0.794152276623841,2.104951171962879
47,-9.857602622348349,-5.372497324507691
48,-6.300840763609628,-6.465972881468843
49,-7.6683527394189115,-3.9633259798285385
50,-7.723548046118154,-3.130162334350071
51,-7.2095015035305074,-7.598058131104947
52,-2.767272408233072,4.388771550933019
53,-6.107362517665326,-2.0630359113324035
54,-9.797952948460473,-3.020627133675113
55,-5.460558240541397,-8.419718665530135
56,-6.619084921726881,-3.149602933674558
57,-2.082416867339295,4.492954275367449
58,-7.470953084853227,-8.841635647792637
59,-10.268941218773362,-2.090435457589733
60,-7.347127882639085,-4.595861049847194
61,-6.531514727230781,-8.334933300110325
62,-10.708368274333884,-2.822219946938243
63,-1.9185427593490518,4.595783066401819
64,-6.889436697363492,-2.9684430311312147
65,-7.241818740883111,-10.415843430969648
66,-7.331812479307483,-7.444070932750994
67,-2.7544717516895614,4.575872301901829
68,-2.930020682333999,4.689485402654163
69,-1.6246163165847796,5.860407450451979
70,-6.825671422050174,-3.406251629730427
71,-6.474388317457433,-7.075851536997663
72,-5.9715755506404085,-8.899452380037333
73,-1.4896906506009477,3.2424818976819596
74,-9.735837024712762,-4.540377552518009
75,-5.070668246187774,-5.031884871441966
76,-8.71303510226534,-9.516504661669181
77,-8.340587865610175,-2.535674534363844
78,-6.467908034747131,-4.291675471110372
79,-9.002008562242597,-4.581811100117996
80,-9.063646127831074,-7.940202378229189
81,-6.5636073346169,-8.939630875319407
82,-11.028510531411886,-4.225287347047755
83,-6.192303193926014,-7.843125508492345
84,-1.4612601858217498,4.525498514650621
85,-1.2094043931813405,6.171824969362233
86,-5.949927220208298,-3.664737655292617
87,-6.289796504944397,-3.197018228060109
88,-3.198353151693163,3.9585946841270427
89,-2.0034135815195953,4.450086725677409
90,-8.77783812462248,-5.087140582756783
91,-2.3308060367853387,4.39382526992426
92,-9.678740677932641,-3.688480921577434
93,-7.054169757030007,-7.609104021036492
94,-1.9696766794665796,1.9716521047360227
95,-8.177196473864146,-7.422082735065482
96,-9.90271639358394,-3.8725975587401846
97,-0.9162033624346573,2.8969171846191184
98,-6.68630660686191,-8.69292575743723
99,-0.03864762032677205,3.6003050514609374
100,-5.933070551123114,-4.670153464329948
101,-3.886672537798534,2.707156264120866
102,-2.1017891854616924,4.7300172224445935
103,-5.749941396139713,-8.171485639798092
104,-6.517819504140136,-3.6101018899130684
105,-5.216648815689837,-7.231117736483483
106,-5.558111462187005,-3.2805623025301096
107,-9.272161985574368,-4.277552766848416
108,-2.7768702545837973,4.640905566660254
109,-5.605203076534878,-2.735652204663729
110,-8.832377062513894,-3.7567032523962998
111,-1.9386576274918097,6.029338954797162
112,-6.977416049877735,-4.800550324199498
113,-1.4294651705841361,5.168501049155187
114,-5.508569581759161,-4.1642452756757
115,-6.978410748303073,-3.881930774233697
116,-7.773958634224942,-2.655933231760752
117,-1.7700069323658358,3.789127805130801
118,-1.4729985149602352,4.816541516051418
119,-3.0861153264690513,6.174449817154188
120,-9.81407892939498,-4.039775421205013
121,-8.820660247876459,-4.594456362561094
122,-7.427935634452431,-9.585295130772952
123,-8.501307192292888,-2.28261932565228
124,-10.150948665420193,-6.385857060010318
125,-9.318411358703438,-2.52580159603586
126,-8.99361939905161,-3.0803427100476735
127,-1.1283961124922945,4.410490710818537
128,-6.856418622711661,-4.245161051433201
129,-10.827723489220775,-4.972868396768921
130,-10.94862175470387,-4.657698878886664
131,-8.35401222313266,-8.043445158511695
132,-7.309833942717337,-4.52753073222952
133,-10.258914423109614,-3.09008514842579
134,-3.6046068645605587,3.4910655006114553
135,-6.370983465685594,-3.030043028527964
136,-8.18703405841633,-4.490281647249157
137,-5.520432702622477,-3.6675393924686013
138,-0.7587039566841077,3.7227620096688283
139,-4.510546193408013,-3.08122506410173
140,-1.3439249587069142,2.3842886530191585
141,-7.113246063079085,-4.394618412570896
142,-0.04261030709121938,4.909230750843066
143,-8.869961158702871,-3.903055308336156
144,-1.0361977293704867,3.971533185887934
145,-10.184153774936986,-4.308590060860166
146,-1.9657639185768914,5.234464511450407
147,-8.928726532034183,-4.163101482785759
148,-2.1082979386201424,3.734041830056565
149,-7.781526209626097,-8.861883098852372
150,-5.543016416990241,-7.950780747710066
151,-7.106240852797104,-4.407876689147514
152,-7.853158644780032,-9.371201484318645
153,-6.883713094178918,-8.944761870103628
154,-5.708822567013989,-3.7769447663650024
155,-2.586431845157144,4.224069462480064
156,-6.928777719772265,-7.0802970066272515
157,-0.5279305184970926,5.92630668526536
158,-6.63152183155325,-8.383184127269933
159,-2.003460615158912,3.406320678970646
160,-6.899671597128485,-7.176931806542777
161,-10.632117213953947,-4.4784519413021435
162,-7.124762640509392,-3.1037758878009747
163,-7.937384624045834,-9.247018550111866
164,0.00024227116135100424,5.148534029420497
165,-5.122789202431932,-2.912857566679201
166,-6.487269847886026,-7.872998948908378
167,-6.191207960990734,-7.219974808038048
168,-8.44176522466361,-8.569787164497946
169,-5.1608430305657755,-3.9666370016678947
170,-6.014107291536369,-2.5884659396523744
171,-7.1771812670450785,-7.349105253603572
172,-2.217054627734563,5.3456586130396495
173,-2.9915115724657677,2.645801308444378
174,-7.0872415556805874,-9.553698081748445
175,-7.414663845689034,-7.88470093620567
176,-8.365776654998074,-4.3551373811950915
177,-6.902864785105382,-3.3474808952367345
178,-6.838417830630959,-3.293170273504684
179,-1.2616794810666683,3.410478979754762
180,-10.55958884992196,-3.6323774640944393
181,-7.313188016844662,-6.750726578338405
182,-8.168098529930825,-9.242779203087087
183,-6.366470972080637,-3.157710478635826
184,-9.679854624550845,-4.380015831401657
185,-9.604837586963413,-9.043189614945081
186,-6.145434999239523,-8.46290758504376
187,-11.508789111563305,-4.8247706129581625
188,-5.947982710469055,-3.427311184280628
189,-0.997878829482537,5.392842049055226
190,-10.579904941779434,-3.6265355682441496
191,-6.943691272072236,-2.266488388820148
192,-9.145922866137786,-2.3187460459937896
193,-5.4316059740787015,-7.89448561031178
194,-4.166000558624581,2.2923259469263355
195,-5.662137285741084,-4.251406893525068
196,-1.8975018417007021,5.561777754931387
197,-5.995394421224916,-2.9740016477384112
198,-9.643110451540274,-4.165721832853825
199,-2.841878032458153,3.740735350644035
200,-10.890359177165985,-4.114546866904442
201,-5.45888866209226,-8.391181520988573
202,-2.1066884707345177,5.63099757364866
203,-9.10392839827206,-3.0040804611298237
204,-2.5208762667245614,5.081201394531134
205,-10.877442305265326,-1.8001150781002524
206,-5.743874559660004,-1.6614560722022074
207,-10.688981460415263,-2.8107846273579833
208,-6.575365565515952,-7.914432247101094
209,-7.8448203076499805,-8.910065345146903
210,-9.49628291375977,-4.431962621224389
211,-5.346975919507001,-1.124506001883336
212,-6.925140102716931,-3.0142672166089337
213,-6.855869903587703,-9.917636185254763
214,-6.72829889136026,-3.909690830575827
215,-5.2166670381301765,-3.10984484522288
216,-3.2970094989568612,8.365092572881125
217,-5.978426100666656,-3.0887779469177974
218,0.08525185826796045,3.6452829679480585
219,-6.9661043108291425,-2.8355959110216844
220,-2.3302221922375503,4.784053655164081
221,-10.37683211445394,-2.155429180975093
222,-1.9412961750141324,6.462845392041455
223,-0.9007542458505886,5.291398683308045
224,-5.093657044021257,-1.447649273431527
225,-9.718557050018438,-2.312794898807936
226,-1.9485572489583354,4.014673629035113
227,-8.845113368642497,-4.177584319486703
228,-9.492658751361004,-4.220352726705119
229,-7.364035454518588,-7.867736668462221
230,-7.223488953551386,-7.45792210938469
231,-6.759073293019509,0.6514634445655445
232,-1.1929166387196788,5.440176736782663
233,-6.736308742971217,-3.5291473904189967
234,-10.323773809413238,-3.9842599649673405
235,-5.0252099179511145,-6.556456206602393
236,-10.618964274083346,-2.9027338984959323
237,-6.55347712010605,-3.710797613478306
238,-5.7158630367322,-3.1344853823610888
239,-6.612168561421376,-6.599662883061939
240,-6.436299886995551,-4.939284591920061
241,-9.472962011356277,-4.430472753832537
242,-9.526178235565817,-2.6329306346313848
243,-2.1371407606052406,4.432489863028819
244,-9.16781812622199,-3.1255571190709732
245,-1.2181954623799376,4.3063346355596615
246,-7.5329116919813295,-2.8784939576887303
247,-6.158620770239135,-6.68660336435133
248,-2.7567142662038817,5.245124616071539
249,-7.221817250640563,-7.056379956767904
250,-2.7325241846601642,4.9016484800434785
251,-8.706523600802225,-4.0697926956348685
252,-1.6614513887865232,3.0098694442477294
253,-9.78935958219885,-4.681698632810577
254,-5.234643033191672,-3.180549652497106
255,-6.710221697261819,-8.949293354119373
256,-9.043216837105414,-3.85760177625307
257,-5.572984822762481,-8.12321657845237
258,-9.391308559349264,-1.6596309350060268
259,-1.1486221314564302,6.117151707514297
260,-8.10055181626722,-5.334739700485074
261,-9.489728167037722,-4.277380876383211
262,-1.8027556509557572,5.439473647792912
263,-10.394838186509244,-3.067258627156213
264,-3.5583719652678143,3.289379176404049
265,-5.1394565443275475,-4.361561096604199
266,-9.069422288728035,-3.8699597101272953
267,-7.883888744533658,-3.628795031434131
268,-0.8062786839928973,3.9934605591321293
269,-7.399936241294307,-7.772555926985929
270,-1.266450661094536,2.582570016217968
271,-11.198868158906551,-4.252443514124349
272,-1.7800244777370269,3.1733691333967347
273,-10.995333345491154,-5.093048635395988
274,-0.2081306453575842,3.788453021161583
275,-7.654311854908846,-7.712993600243821
276,-7.3978762459377165,-9.388478100554396
277,-6.300711871104742,-5.042977274864495
278,-9.503370852670722,-5.447542312637889
279,-6.736645277387629,-4.8671035842707155
280,-0.5451769291687276,3.819965930021569
281,-10.000617953928643,-4.013978849642447
282,-2.4503598597236875,5.630212080803271
283,-6.640632426428601,-2.3242833399422778
284,-7.315758619770371,-5.120952782878719
285,-1.1710417594110225,4.330918155822106
286,-0.19866752548544153,4.998962670267181
287,-7.708691500529581,-4.227975773214672
288,-7.49264182320576,-3.0310933665613504
289,-1.359389585992692,4.054240022349643
290,-11.041112110556787,-3.434379175954859
291,-9.455067209086785,-5.911517632962216
292,-9.490460919113728,-4.069915971419951
293,-5.019908901020919,-2.8476763420918894
294,-8.591768549281452,-6.921445917243503
295,-9.500443405007124,-3.716015848023608
296,-10.200406411360564,-3.807696730076717
297,-1.646207229601343,3.7117962735559353
298,-5.585202955528726,-3.3365829652465777
299,-5.238552996685883,-4.2445014132549295
300,-5.543448138643241,-7.281979823734765
301,-8.320482721697607,-7.106566719666246
302,-6.773877641287347,-7.078328356078941
303,-10.017028510340682,-3.6839510945583434
304,-0.5361477439265843,4.711756909087172
305,-10.793339116442226,-4.663401096356257
306,-6.698745523686709,-2.2922546604859546
307,-5.860888604574779,-7.892428039038232
308,-6.57303442184271,-2.694712007398746
309,-5.010407421672431,-8.744794354890772
310,-8.439723341852785,-1.1769559470978281
311,-9.811637986539749,-4.1414653807941715
312,-1.2213935586572822,5.528818190500254
313,-9.687895745045614,-2.9020277795144533
314,-6.163265893906769,-4.3599531822284465
315,-2.6116220066547786,3.8883443164444067
316,-1.3714817389433689,5.904598052420195
317,-4.927196192817654,-1.071395078919236
318,-5.623781266804939,-2.5669406226917153
319,-7.638242912914866,-8.270475781753603
320,-10.369844419529224,-3.037729661869971
321,-6.804856726811253,-2.7909275311323585
322,-7.273905285327845,-2.042770338289352
323,-6.689646732555163,-8.175174868455317
324,-10.00944671802966,-4.6638492220301595
325,-6.425981594327173,-2.0770895133721536
326,-1.0229764965338886,5.81574325820717
327,-5.390647977331217,-2.6255682362624535
328,-5.799618379677421,-2.835010651628042
329,-6.101689086517316,-10.116303172572644
330,-9.641995242077085,-3.1037617022683825
331,-7.597714144778291,-8.45828209857209
332,-7.285762629757945,-5.051497179920423
333,-8.328263124724186,-9.477477321804363
334,-7.000164811470186,-7.596229164451546
335,-5.5884681908130425,-10.256720886425871
336,-4.987668839243466,-4.615213158512608
337,-9.009134419244502,-4.196174968837388
338,-9.850947240266212,-3.3815436684982147
339,-7.3001945534125205,-7.098359652452555
340,-0.6483528421736111,2.9299272083229813
341,-7.9778276029349,-8.258618175029628
342,-1.9274479855745354,4.9368453355813475
343,-1.0005101098483093,2.779051528226904
344,-1.1643485819705592,4.2317867091006605
345,-10.01553005270704,-4.553487346598818
346,-1.041574372028185,4.222313543189416
347,-1.1306801603633456,2.169403357730691
348,-5.428767061497786,-7.726169567449865
349,-0.4511035773965566,5.522191671627648
350,-0.8614961106495764,4.3045578295795615
351,-6.795723817632865,-3.9479458573070896
352,-5.600267553107181,-3.67943083790755
353,-6.407761554306724,-1.7667716746403828
354,-9.68839470144844,-1.0360397844900966
355,-4.680477045189862,-8.227725519997232
356,-10.83928184162959,-7.106705997554253
357,-11.147435291794244,-3.5277259677521675
358,-6.485794967907703,-7.308709665047163
359,-0.8667530400291719,3.7829591391633697
360,-2.004547116103499,4.175650125707692
361,-1.3748117950994616,4.6689573143064305
362,-5.202433901881681,-2.7297689152648026
363,-5.495126673745545,-8.521060305989932
364,-7.432259722936322,-4.41746345301141
365,-6.480473496204721,-3.073036213485823
366,-8.638955608791472,-8.05263468694432
367,-8.552267195640205,-6.574360183171203
368,-11.534741370592663,-3.449442328173502
369,-5.900219660490682,-1.6374503433785075
370,-13.051476884079406,-3.4734961762093874
371,-7.4412599215778235,-4.07152442919119
372,-2.8197300109307957,5.756596687524888
373,-1.6158909127701304,4.180175626329556
374,-1.881973934478428,5.876650212668902
375,-3.1209635106706255,3.8901419601971394
376,-1.4168904648667249,4.608320047717165
377,-6.3200022421569,-2.745939148543762
378,-7.103364645942518,-8.635954966989594
379,-8.167851732582111,-7.393734511628951
380,-5.602767204464611,-2.1924638122701743
381,-5.357048660572577,-3.73241962604107
382,-1.5255117093938964,5.608544731042867
383,-8.894101817407636,-7.918791382656169
384,-9.333632956125728,-5.264672929372698
385,-0.0840919973761387,5.613097766878729
386,-3.058372724614996,4.488257687648778
387,-5.110487125322942,-3.561398585390896
388,-6.676961068757421,-6.683740396817649
389,-5.725800647258357,-4.995018304826125
390,-8.609738694104136,-3.7271487905200478
391,-6.109710688666363,-2.855672822772357
392,-7.763452845707593,-10.48226922705105
393,-0.7885901034162772,3.898032734567761
394,-7.113473180221118,-4.2978859177805635
395,-10.825860092841376,-4.064076961404303
396,-9.469761949320562,-5.514468438021892
397,-2.2529036601909387,4.9167974655884175
398,-7.2974850677387355,-7.350291437507583
399,-5.571659383003685,-9.081872380003396
400,-7.152042633758194,-3.1329462589792176
401,-10.72303564043515,-1.968937298478083
402,-6.853648522497699,-6.105573267480487
403,-3.3789543805680426,4.463610864925253
404,-8.992025823341885,-3.5997813313605755
405,-1.3830606011263358,3.673218264947849
406,-1.1672233500118707,3.7258117278342757
407,-2.8020781039706595,4.057147146430284
408,-4.862985166067795,-2.08478905581637
409,-7.760909854953894,-6.216096523999735
410,-2.8896180416154813,4.957027364819377
411,-7.194569742971057,-1.394325439341107
412,-7.075408359078754,-8.541469011613252
413,-8.706719132024613,-3.8735089361069184
414,-3.238716191342985,3.577861889986756
415,-7.17069545313435,-8.11236271809564
416,-9.349787691340183,-5.3049979326808785
417,-7.384163042406057,-8.341894443529164
418,-10.249564700903184,-5.279838195139993
419,-5.527502375926741,-6.5774446587618804
420,-1.691377078647311,4.518977611257357
421,-8.323232100940722,-8.78702015832073
422,-6.267535288460733,-1.3807992782202418
423,-1.2082758899083488,2.7224298829749243
424,-0.8795327706098901,3.7770482647893813
425,-10.119866518764784,-4.634200121380522
426,-8.617832602582155,-4.110191157877973
427,-8.989746026052522,-3.561013636238897
428,-7.113346519700609,-9.39462236455275
429,-11.158155697522538,-2.43025183343522
430,-8.899024002605982,-2.8001359259884824
431,-1.6087521511724905,3.769494222273808
432,-6.828892202625541,-7.070415033052931
433,-0.23594547659953236,5.310489042846688
434,-1.9279312100690962,4.274814242556143
435,-7.52822015149407,-7.856270736866735
436,-7.011099779230658,-8.612809937796413
437,-10.887043417627616,-3.8320935936596263
438,-7.482752801439645,-9.050107691040163
439,-6.9781908309725695,-4.013295053687375
440,-4.073062907122307,2.628923493037174
441,-2.3599584108697744,4.203095419878603
442,-8.09424461465105,-2.8354715534162516
443,-8.957674049118621,-3.3800830988381647
444,-1.6173461592329268,4.9893050825589835
445,-9.183369374504176,-3.1728786176048303
446,-4.938559054443075,-1.4306132048825
447,-9.516866390387932,-3.8440301834577695
448,-0.6410074311806375,5.637048068797887
449,-6.134683978117352,-7.747449117995496
450,-1.6987381621580162,4.177735697622949
451,-6.575662989901247,-9.270060361860295
452,-7.484600053570577,-9.379298065863761
453,-2.3654004133508035,5.599175936597855
454,-10.444411707130222,-3.7489711524420417
455,-6.054308472360199,-7.945998158612545
456,-10.310315517318173,-3.852145460864885
457,-9.263940174626537,-7.223071107232345
458,-10.346183643772399,-3.4156434599223173
459,-9.571792327150286,-3.9042681502215744
460,-6.312504966647009,-3.0435228904183336
461,-0.46064202604701254,4.591646286327105
462,-5.838614256545718,-1.880342854957517
463,-6.983798977859813,-4.720564672828486
464,0.1751577207011672,4.970872724337475
465,-1.6841768618242978,3.631328249674002
466,-6.7299670398906795,-6.450798057716103
467,-4.97122032098898,-2.9501899800205127
468,-1.7695513961121263,4.415038814279186
469,-2.1349327810865018,4.884100050660718
470,-5.589698705348915,-8.041846461092595
471,-9.417382391049872,-4.926616132612445
472,-7.612197362578289,-2.1634928556426183
473,-0.693339043370178,5.132406721363982
474,-0.8645338115236748,4.032051549999941
475,-6.195073810696306,-4.085525230444489
476,-11.221592154228347,-3.3950843287955674
477,-5.876723984565829,-3.8842243938810315
478,-1.292328092064655,5.639389061219399
479,-6.990006085769072,-9.940163508403828
480,-6.4128704287926706,-2.8387427703903443
481,-5.363647218314663,-8.005625668637238
482,-5.635809818753373,-2.068632814623693
483,-2.536841424866708,3.5387026459702358
484,-10.699361035817065,-4.360718232537589
485,-7.233008588218864,-3.9718071895059035
486,-1.3768841937000993,3.580392436995841
487,-9.450982237736675,-4.430730209595866
488,-2.2233486405308223,4.496176276165752
489,-7.686089522448813,-8.469467432256264
490,-9.609977840910151,-4.3081473093738785
491,-9.723885412986533,-4.123432110049053
492,-4.892611667836281,-8.978881995554577
493,-3.216501463813551,3.7940477405588173
494,-10.593798838240764,-3.091725446022001
495,-9.507151459843463,-5.348631572428531
496,-7.045834285774799,-3.6330313699125716
497,-6.473296091847282,-3.1693924534652878
498,-2.3064765942034278,5.307976760491872
499,-2.2218653369676096,6.361367943852196
500,-6.208403072600892,-2.548183227048006
501,-6.272441415094024,-9.420335405126247
502,-8.230100185687775,-8.578647129429006
503,-6.5683771452994595,-8.077250814201323
504,-6.359118305142571,-4.066186169161843
505,-10.63030264604267,-4.163195495890124
506,-6.879206829898854,-7.516202785829186
507,-10.185338852764328,-4.10228977650768
508,-6.270951774514925,-7.545861952006352
509,-9.520410107261217,-4.193418114115995
510,-8.937384994496295,-5.664516206987697
511,-1.587308006792635,5.41627720379072
512,-9.656023904780215,-4.078521211950234
513,-10.188260801314554,-3.7200094211030827
514,-7.826716874236187,-9.11275992751898
515,-0.5905882837472569,4.446861299866001
516,-0.6145654962746221,5.0150045673280115
517,-9.121512641002743,-3.8300930837904117
518,-9.21822063760089,-5.039649454574096
519,-6.114894029167177,-3.3113978685868837
520,-3.4154855461813716,5.121279466328977
521,-6.118995808833635,-9.045137759842754
522,-7.4632203774787405,-2.220445077978848
523,-0.8435162216244586,3.7940828957143378
524,-7.512355456387375,-7.964645192246339
525,-7.368099681215583,-2.8643347244452744
526,-11.985542035047724,-3.092060031971754
527,-9.10078461866473,-8.814136580684117
528,-3.7363619278720734,5.353991036188837
529,-6.194388642056775,-2.521270060620259
530,-4.780026589917945,-3.186071304440652
531,-10.227826567104369,-4.444362980062315
532,-10.197273221649318,-4.607951715888182
533,-0.4344040566752887,3.3529437951428465
534,-5.956778911497121,-1.8386732329203301
535,-5.589976315604624,-1.911331065248739
536,-7.833389965263686,-3.938304235553855
537,-1.1563750925131935,5.6997157513754235
538,-7.475099002929404,-8.606895229347044
539,-2.4139578469451726,5.659358024076449
540,-0.8235551865142507,5.949848979647645
541,-6.810591434460578,-3.9463857793419495
542,-8.134899087786849,-7.539276540544223
543,-6.6452726268135915,-4.137838825382676
544,-7.8405706173604255,-3.296665296941619
545,-1.5988097101490129,4.617614623850878
546,-8.49319063698843,-4.53177551989485
547,-11.043246751029995,-3.598064040356975
548,-11.0215118199793,-3.385583807707552
549,-3.802026635025888,3.5763210048204535
550,-1.6421504976485148,3.284471140096273
551,-7.495651923050007,-7.208943375424756
552,-1.0967988093294934,4.647226961080894
553,-9.603284473640988,-3.227825989109646
554,-1.3084430094375543,4.337719405764523
555,-7.440967962910627,-8.088572411254374
556,-7.93904990452918,-8.684160068926257
557,-6.592089179972999,-7.099021068988278
558,-5.791131039081647,-4.411547878904829
559,-7.814874843788061,-2.6681920674539317
560,-10.773182938357024,-2.055837740223854
561,-11.308367069278495,-4.454050122550712
562,-5.503460480199708,-2.105146816923326
563,-5.75805159789029,-7.8365131130853705
564,-5.76368029187149,-8.157331168839312
565,-0.4981199242741259,4.3789604825751836
566,-6.883141153828208,-8.00085389730514
567,-10.855209328392874,-4.887530390511154
568,-1.643032338642904,4.583677589119122
569,-6.739982119574142,-1.2964624697861948
570,-5.997656940870806,-1.8608767609637615
571,-10.42839313072705,-4.551317089863443
572,-2.060438097737446,5.230495487293569
573,-6.626640790640206,-8.574324989689858
574,-6.666964747760798,-1.7072860435542485
575,-6.2876733885465175,-8.942368911440113
576,-5.921680115376468,-3.5897623327550763
577,-6.508236821277789,-3.0006657546770583
578,-5.671816754882878,-4.437960666102821
579,-7.6748186593433525,-4.389851537896529
580,-8.050969214588529,-2.1777030248050284
581,-9.668222536891625,-4.245927482723113
582,-11.94163426198489,-5.127372223906049
583,-7.810526233327972,-8.105177397957581
584,-10.355226717672114,-3.4306933732650826
585,-7.512993989751254,-8.764023107472457
586,-2.3609043322056964,3.8692668449678234
587,-6.168960702486785,-9.2600069745055
588,-1.410760744560749,4.109848716472299
589,-10.422695698751559,-2.5016696390452706
590,-5.499589653853522,-3.5069093810558423
591,-9.976540675064953,-3.5246898077293185
592,-5.4259932529388735,-9.198226293692258
593,-2.7086276511171357,4.7231487639998155
594,-8.501827737768625,-3.2778947381589925
595,-4.760955023917104,-4.444056923436679
596,-10.644203530437096,-5.40234009588525
597,-6.39829226462915,-9.688980313415936
598,-6.080482585205571,-3.1360230376397653
599,-8.683200115267715,-6.291663002346556
600,-7.841485794866264,-8.372149535121554
601,-7.166591297418887,-9.952527234175431
602,-8.366020990022305,-3.092457306344775
603,-6.716097416129215,-3.1619333511027135
604,-7.60158760186501,-8.7866027721617
605,-10.828885906838504,-4.5173350057733614
606,-0.5126595295490366,4.356787289684486
607,-9.83714751191059,-4.073498522991954
608,-9.961515040892666,-1.9233510599227435
609,-5.825198080532625,-1.9659157133436684
610,-5.6441540999210895,-1.9305986063985263
611,-9.603924772403783,-4.18148923806366
612,-8.62438004852699,-4.480768004330206
613,-7.523184221662493,-9.705933979395796
614,-10.346806200236333,-3.7143038417327596
615,0.24509880239246162,5.517546567403667
616,-7.255911355057346,-8.939349374864213
617,-10.986676960744639,-4.903212406850864
618,-5.905871544794783,-9.30902837611158
619,-6.351902729313989,-2.8809601918260506
620,-9.537930803442917,-4.159679459408085
621,-6.510424644783294,-7.62046920078121
622,-7.767438355851422,-4.50210937651559
623,-7.140933149812769,-8.48009418333959
624,-9.062564724062026,-2.140820732245664
625,-9.822544774435032,-4.006832240098361
626,-3.6967611316293145,2.463900687366706
627,-10.324457055034859,-1.1260487533035546
628,-8.822467510945048,-2.833449543807066
629,0.08687518327945298,3.631419581769727
630,-5.66644039575503,-3.4404773352626226
631,-1.2360655518844066,4.483829937191721
632,0.8687658008578785,4.1578550911277015
633,-3.103673711378109,3.90202400589671
634,-6.4313733128791455,-9.84553065347443
635,-8.03083739189023,-7.8345355618435795
636,-8.245945081395536,-7.4151744192647415
637,-8.98951689274284,-6.969380532572503
638,-8.077517822871114,-3.8606759374029
639,-6.701304297667295,-9.019430785324987
640,-8.425861957562294,-8.50023805373563
641,-7.109294107902391,-4.294652370964985
642,-6.537877025384064,-4.189131855284738
643,-4.643292879720108,-8.827245411830525
644,-8.372853527321425,-6.680831797895476
645,-7.490021190577713,-3.640108603583727
646,-5.441977028924873,-2.4720048955584013
647,-1.7824501314671677,3.4707204345840927
648,-8.597094617848411,-5.453525430857996
649,-6.7333554531570305,-9.194998386645333
650,-1.3382939914646879,3.6812749430977956
651,-9.424749777696345,-3.495401471053463
652,-6.344859888442647,-3.7615279894432074
653,-8.040270729028881,-7.627133004956816
654,-7.5745509242714855,-7.72945467442954
655,-0.353353840813071,3.8018868996787853
656,-7.699969602804935,-9.047598748432938
657,-5.567886935996466,-7.984290436767773
658,-7.416104094303243,-3.404388668540773
659,-2.1387170047345996,4.756657027671441
660,-7.166262964858454,-8.485438784034464
661,-11.461766077233694,-4.107839741173733
662,-9.411093985052258,-2.7781698598058497
663,-12.084103069109627,-3.591546906792158
664,-10.314613700181448,-3.312362680979698
665,-5.870727667298864,-2.5763513123333657
666,-6.630628076215373,-0.19439926751213532
667,-7.500818380244359,-2.376214895648535
668,-4.534120708411065,-2.542216356478667
669,-0.8068558442232332,4.4418499658979185
670,-7.480957727817922,-7.521571003633171
671,-8.028538768558777,-7.7799671309736
672,-5.478777956972748,-1.9850374356774874
673,-6.419588886923181,-3.2610104479761883
674,-7.684766910418546,-3.058260171247923
675,-12.142156550381552,-4.322910972700638
676,-1.9886114552896004,5.753595333513659
677,-6.989908759954372,-6.681226490056183
678,-8.815639768447898,-7.465961899440391
679,-5.532454198691094,-4.220056667430316
680,-8.016966255306558,-9.28966120594174
681,-6.837624816882166,-4.340284862679107
682,-1.8461388994599859,4.349665387957314
683,-0.966193680288135,3.648422540286929
684,-9.664597953181602,-5.985888336184792
685,-0.7737341069826124,4.596351518226257
686,-6.149506042350263,-7.246084237069427
687,-6.64652026702414,-7.423785030843058
688,-7.6881621773692554,-8.673589131760739
689,-6.951533928484448,-8.477970368665012
690,-6.110889953439391,-8.916370705706722
691,-9.893659113944011,-3.4253451252913685
692,-7.099623366402901,-2.5639345138889733
693,-2.2552277868588098,4.097368550201299
694,-1.3788948288258804,4.333377165095884
695,-7.092116994218234,-9.198367079416855
696,-9.407673039492272,-4.632732330360439
697,-11.088050836107916,-2.253160400717679
698,-7.430881705652081,-3.123336610760298
699,-7.044179396875743,-3.343096174860504
700,-10.01516745548928,-3.221946030238139
701,-2.5295681291393715,4.7756803383900355
702,-7.334830033518657,-3.866483077702232
703,-9.72204842850303,-5.716598348354436
704,0.15097500817693676,3.100762946285424
705,-10.841623991590904,-5.126758453695299
706,-6.862693874947978,-2.8830964184212324
707,-0.49922133595474993,4.775982585218885
708,-8.40324787183088,-4.848790071313124
709,-7.437902375972795,-9.485533398140474
710,-6.245579981180075,-4.094474779737629
711,-8.12079232459122,-2.1923785167898773
712,-6.976846087532858,-8.894988336126584
713,-7.219932004959402,-6.0406059853177085
714,-5.576147794862171,-5.405402769557266
715,-0.3660102852852112,3.967492205176884
716,-6.869472030166162,-4.340176216008054
717,-2.205334073931087,4.207652005954265
718,-1.2932278914084612,3.3619004869353697
719,-10.196649953936998,-3.6513885019570598
720,-1.8684541393232976,4.993113060025359
721,-9.223177980124122,-5.190513248294583
722,-7.067659507146223,-2.124848535430126
723,-4.6771588096008685,-2.5151321148850805
724,-9.689508369816702,-2.837859173268397
725,-7.230902053352403,-6.984301730296173
726,-1.935405968509663,5.635445454493858
727,-8.35875090049914,-5.278839813058191
728,-6.307133684686661,-2.658007826377238
729,-6.269017380741289,-2.9764216134842947
730,-9.352559850524523,-2.6712067172738845
731,-1.207943955393278,5.510664195146375
732,-5.3425426451912355,-2.3891965642584587
733,-5.99766927188543,-2.9385051520655825
734,-1.1466300855305107,4.108397033740446
735,-0.8576988740771748,4.453057167267307
736,-1.9860594040267037,3.0638140794657254
737,-8.779771602851755,-5.894029511728098
738,-0.19745196890354544,2.3463491593455075
739,-9.032824366783476,-1.5290419280986898
740,-8.315949951783786,-2.640085102365883
741,-8.435292974160138,-4.824150099971265
742,-5.888571889547793,-2.4786394224885773
743,0.2602323804795683,3.0147959927891277
744,-2.0221719935257783,2.9213334175177073
745,-3.602883311616872,4.7589842332124945
746,-6.186513461781294,-3.5803840860155987
747,-9.886375237270132,-3.972871105683478
748,-7.327349885726013,-8.77576555823307
749,-6.19136257768339,-2.4883909630238534
750,-7.9489877294595335,-9.455122935114652
751,-6.681855313900533,-7.211902520074506
752,-0.46172906422726845,6.111084040215569
753,-7.537757742687291,-9.560292215121567
754,-9.599114115491664,-4.145352243994249
755,-7.017347561492638,-7.919948377568003
756,-10.034091147417197,-2.052569227639379
757,-9.385479980525048,-3.208464010922553
758,-7.144622427197531,-9.673974321256948
759,-6.3126123246336565,-7.4972129232055105
760,-0.12302357792742091,4.406114860084806
761,-9.140164950062706,-3.815463679453377
762,-7.732812250228647,-8.148289329000498
763,-5.734376068462882,-8.163317872980572
764,-1.7943530352442432,5.455708159595729
765,-7.250774361279984,-7.603806277643867
766,-8.609742393598516,-7.674482973457099
767,-7.372305575093225,-2.1808633722262187
768,-5.9804636202248584,-8.263325062942707
769,-1.5032960556784363,4.2162688437583
770,-3.2252980566044247,5.420312335814867
771,-7.28103733305727,-7.319549291761519
772,-4.877522513936618,-3.3839207851235558
773,-10.96472487466131,-2.7356322914878515
774,-9.108673146950999,-2.1285297607732176
775,-1.9137397735558879,5.806333811324148
776,-8.498912912609823,-7.526321798653749
777,-5.638940156160188,-6.694889767871552
778,-2.932118661194514,4.720037589306593
779,-2.8406630787203424,3.94655976440858
780,-6.729723615068755,-1.1022462614118977
781,-10.92079046073743,-4.083543755564881
782,-3.1397484323586755,-2.648472350021819
783,-9.483300943086778,-3.970599412622922
784,-7.908282731103841,-2.905425696003405
785,-7.700728882241448,-7.901754660152843
786,-7.996563745817375,-9.2209304475184
787,-9.388928844744992,-5.834759414529264
788,-6.320178329143025,-5.541705321939583
789,-8.465476630326389,-6.603619251412782
790,-8.595302918763021,-8.947930756382952
791,-6.277888010404139,-4.186658168370364
792,-7.099700291944954,-2.9433974836886954
793,-9.345532867838074,-4.184833377734034
794,-0.9851638011276507,3.6840979634290107
795,-5.808144712776406,-7.414134268381422
796,-0.8186983478074158,4.303602651269624
797,-5.391996706340056,-1.5888602956369582
798,-6.220758816102108,-3.902257264035262
799,-8.470109727734009,-7.783367630903685
800,-7.910077612721981,-6.843068873232584
801,-9.570788174827417,-4.311937345028509
802,-9.391164103239806,-4.690638175123136
803,-7.549184300324253,-7.24315346568841
804,-3.007324847202183,5.87722972553453
805,-1.322338967640061,5.4145553019189245
806,0.4062234142703147,2.9353329430105366
807,-6.0880789280956025,-7.300394679711245
808,-9.339175632093307,-2.9544468983699237
809,-7.386168704754404,-0.7871509563581913
810,-7.406525434956448,-8.725253991837139
811,-6.938240746469253,-3.7175848856091065
812,-7.593692599879803,-2.2433590300151645
813,-5.932022361425735,-2.9668072701983963
814,-8.916619510632009,-2.2289568274113174
815,-5.694618127733985,-3.9523120556570914
816,-5.1123383854895845,-3.5530795614837207
817,-7.444571139107985,-8.524259622518851
818,-5.79945525516516,-1.3380636542900823
819,-12.495925217912763,-3.568989194288546
820,-7.959019151821132,-7.218036562831243
821,-1.6949278308272304,6.517094922443871
822,-7.812408452237339,-8.739908544321501
823,-11.277138659966624,-5.293557723266705
824,-8.454432422128255,-7.318944899372287
825,-5.967306569796327,-3.1787438916603064
826,-7.5098771863736555,-9.369499127206184
827,-8.677986591681176,-3.039397732484088
828,-8.631660680217411,-3.9885729522299145
829,-6.876328868377576,-8.106396746626604
830,-7.133618923188786,-3.772056177552778
831,-6.1068136653916785,-6.446566263141904
832,-1.8461296778558682,4.304743996314016
833,-11.772308491877935,-4.265578208741017
834,-6.756572146512308,-3.457897375095535
835,-1.8391722005998774,4.908214978188327
836,-4.45264490609506,6.344018682459241
837,-1.230033765926555,3.7994914706431153
838,-7.804393751821249,-2.7160249767507563
839,-9.476900304775363,-3.894976663400208
840,-7.762692083784469,-8.73155382164383
841,-2.6987422279834226,5.13951310056224
842,-6.584164550845227,-4.322458611620512
843,-7.356014354452077,-7.545512856151755
844,-5.957368617102216,-2.915105186461962
845,-5.954033791790985,-1.170165932737937
846,-2.0443921547813098,5.864598107452681
847,-10.45743018469117,-2.2478650296077625
848,-5.522034307139733,-3.3044367253481344
849,-7.680053432456582,-2.3467288794230177
850,-6.550276855411307,-1.9497321636386282
851,-1.7649046184560617,5.036685539528072
852,-11.320155474995351,-3.3504855450758604
853,-5.598514261810708,-2.1766986009880194
854,-9.091088599491599,-8.152173334682217
855,-7.418991067217429,-8.00064661450255
856,-6.200545090343195,-4.142012432645056
857,-10.400180128222718,-5.430247528548685
858,-6.551517248044558,-7.288726401101483
859,-6.86145556888657,-2.227739216732972
860,-5.813779808703397,-1.7722790564302953
861,-1.2560682641577197,5.0000683920802285
862,-10.04357918972287,-4.172082006330914
863,-10.2986432198525,-3.702038915276927
864,-3.9678684984754096,-4.03753471114815
865,-10.148216829303554,-3.037849279300632
866,-8.541185117180325,-3.636711311659247
867,-5.77965819422972,-3.7851239762743627
868,-5.226565213085161,-1.696508118880234
869,-6.928620295759846,-2.729324393487757
870,-8.17984968785324,-9.455187130640008
871,-9.682172278045673,-9.967955192191308
872,-10.520068968788797,-4.3226044491921725
873,-1.1444862923091539,1.6239554011902388
874,-7.637484000968373,-9.802978408638717
875,-8.69648766592394,-4.2657406625546415
876,-10.25256545089699,-4.094259299753363
877,-7.489169135923024,-3.432285484739385
878,-4.85622055367663,-8.477559920240878
879,-7.1790844111901055,-1.4605467511212442
880,-5.146417230210122,-4.312136030731778
881,0.47826816149096274,3.6209558719229262
882,-6.538934715334951,-3.849447624640271
883,-5.368029395118085,-2.9402289098551186
884,-6.750051045811205,-3.3954198398416477
885,-7.61656242746875,-8.469859747209505
886,-0.6930206557194623,5.1195389191464304
887,-10.224472695822685,-5.517856401174401
888,-10.614458928714267,-3.9666527686707016
889,-1.8319881134989553,3.5286314509217895
890,-7.135279264232416,-8.760692206556806
891,-10.900544246156883,-3.371839264121749
892,-6.2634777653216105,-1.3977754408207814
893,-5.283809601412834,-1.8219188947408629
894,-8.964261700388864,-4.099621821974559
895,-6.076371541438599,-7.111788470246902
896,-6.2977690872129175,-9.84657681269615
897,-6.275408777521544,-2.6820257333888806
898,-7.92143055402519,-2.1517420222464585
899,-6.7648309247084,-8.716701015197533
900,-9.865464724733316,-4.516585151480661
901,-7.060114351881426,-7.598975564715284
902,-6.897452350902229,-3.239445073277423
903,-7.517096284113439,-2.5715131481691142
904,-6.4846001494337635,-2.5726685746723983
905,-6.4640244704903145,-3.3316738450253625
906,-1.3473212169355198,4.213168228369158
907,-2.191793926846697,5.524623265560857
908,-1.7955372320491088,3.609220083350032
909,-10.53674508367314,-3.3092485594202694
910,-7.6913387299877884,-9.471750616028592
911,-1.4686444212810534,6.506745005322004
912,-11.542108285039799,-5.499909587331862
913,-0.49248473994855546,4.366821168752679
914,-9.398499268193843,-5.423585636384518
915,-9.394676593526402,-3.638916613610734
916,-9.679698207233933,-4.843620099471454
917,-6.1806226146,-4.138145780765761
918,-2.406718199699357,6.098944469870908
919,-7.513205290380321,-7.460539192989531
920,-0.03190915279961315,4.744501565417638
921,-3.1004359302403595,5.638742939671598
922,-6.170988091357911,-2.9390979303663265
923,-2.740270598394026,5.131963873324697
924,-1.990843075881148,4.793029013976253
925,-6.184415526001512,-2.813477179592844
926,-1.9257784119521415,4.43910441553652
927,-5.548115806411101,-3.4607453999777995
928,-11.406921780125293,-2.8226231928340737
929,-4.771234548336286,-4.455953184177884
930,-2.034844856038634,3.7677594613889394
931,-6.869136264602934,-8.311700521284056
932,-0.9669855584091638,3.9278175124275
933,-10.837701418265349,-6.251554427901056
934,-1.5533371819133017,2.880809552613804
935,-9.370535468261576,-3.790540297056413
936,-7.912334721507451,-7.368323457236672
937,-9.856326221579572,-6.147666528736064
938,0.10068932050057366,4.345837377068352
939,-1.942423457583364,4.140162984524442
940,-1.499522836500689,5.282658789959386
941,-9.338937128551683,-2.973415145852779
942,-8.85703057009891,-2.565395174369554
943,-5.145713424864207,-7.67533354858571
944,-8.277857154834374,-7.377747930752025
945,-0.5381421977128555,4.815390406779989
946,-2.1506850437393377,4.540862984882916
947,-5.382207376616131,-3.820817343744232
948,-1.7960046498445525,4.287435681068351
949,-4.211610333662241,-1.8141169819616694
950,-10.284097419048274,-4.824236197015166
951,-2.252021191101789,2.1015819310730235
952,-9.833047437803895,-3.1751743682636384
953,-9.428587907828323,-3.7560325556154144
954,-8.20218659493185,-8.956300770777522
955,-1.5173085334222018,4.9199953488317085
956,-8.84245074823495,-3.6072908010785305
957,-5.514863669916998,-4.555608608959183
958,-5.276125183547196,-2.7570913948775964
959,-10.312276365570389,-5.298358567631579
960,-0.3858039757897429,6.373591618097896
961,-6.859931052215273,-2.2564336437014134
962,-1.84048020802667,3.802569241049904
963,-7.658474374014501,-3.955740677571192
964,-6.863441870944937,-3.0811580109261825
965,-11.33340795535171,-3.3673957608436984
966,-6.87686639480184,-3.342405848733023
967,-5.416288106606654,-7.720437904989506
968,-7.9589353640745415,-4.349641839205848
969,-7.228065760019156,-7.8779792345082535
970,-5.296468229843756,-3.3107543588496497
971,-8.617954312046884,-3.350897646123595
972,-9.690381436606042,-3.8853165126947924
973,-10.753375268755066,-2.101910652789695
974,-7.225120299447427,-7.430947980989329
975,0.5260155005846419,3.009993533355024
976,-6.032385020020383,-2.7748237161836737
977,-0.3498540002658661,3.251507233913797
978,-11.292970388934188,-3.8790279936805727
979,-9.697458827332913,-4.38294422126353
980,-11.035001673008086,-4.8778897589392525
981,-2.1766543638687477,3.4094630411928986
982,0.034249207339561494,4.603359648093453
983,-4.678592293137568,-3.4337595795433122
984,-4.849038847809821,-7.32675154755561
985,-1.5311829157925751,6.166905052418484
986,-8.154417188759215,-7.614089882553484
987,-0.6207353040891055,6.59346951581742
988,-0.8133992583634861,3.546973928011175
989,-4.976224150672604,-4.985063389563437
990,-8.110694813737442,-2.749760329528475
991,-7.0076032096660175,-3.601268084653342
992,-7.365497311458481,-9.112260721604759
993,-7.725325374417892,-8.970072530484234
994,-10.39240218464866,-5.125161926584327
995,-12.045912962393876,-3.469464898021881
996,-5.30059712484518,-9.54070603911898
997,-0.6746082342293086,5.477742296689052
998,-5.802105455386456,-2.484338378626287
999,-1.5817387780358136,5.024870130841686
1000,-11.617358197473758,-1.9482080218166131
1001,-9.04102301402104,-4.034918567014905
1002,-6.381525929078469,-7.544648054496348
1003,-5.574696254716217,-4.13939481831712
1004,-6.959535478120193,-3.0464686798979996
1005,-3.0326772261952755,4.721649260885453
1006,-6.079840157656668,-4.236295516813256
1007,-8.12781094603009,-8.407861170089648
1008,-7.60756654131959,-3.707925698174085
1009,-4.220943613918441,-5.728250630090605
1010,-2.385157025082947,3.538721191219571
1011,-2.681445850589829,5.201018108444244
1012,-4.126617529011332,-2.7205659701053655
1013,-10.21170028521463,-2.807421193228883
1014,-5.019947018934619,-3.1098892785355194
1015,-6.3495487345529655,-7.714100731405243
1016,-12.3057510172814,-3.6262801397938373
1017,0.39506419656959624,4.45989940564151
1018,-4.26014689844703,-2.501900713782505
1019,-8.108492376243703,-5.7758792287403615
1020,-4.391766236123721,-2.303847736843786
1021,-0.979490066070415,4.08668826994449
1022,-7.000775827799037,-2.109360473179097
1023,-9.709095787976295,-3.8950411646191205
1024,-9.139701051562021,-5.312145388465134
1025,-8.616539822849557,-6.730050918298278
1026,-5.657471588999851,-8.239241617717182
1027,-1.9819771099620271,4.022435514174746
1028,-1.2235737096521098,3.719002475782987
1029,-6.057315198259612,-8.193613312507662
1030,-0.8205764920740146,5.337591950146718
1031,-7.179100443789115,-8.342995271067762
1032,-7.924253500575615,-7.123225616057335
1033,-12.275010500313467,-4.022973086818333
1034,-2.084052696519447,3.6749588871128283
1035,-6.750445849703819,-3.6579500148845856
1036,-8.918655448702372,-4.6401801731415935
1037,-1.0049797533618192,4.355301421235497
1038,0.39161353690892486,4.992151869015544
1039,-8.148842320542386,-10.313497517673346
1040,-9.897320781253553,-3.632022713900617
1041,-5.07267744798028,-8.012340801512874
1042,-6.733570747988637,-2.3659627757387924
1043,-5.514544025423179,-3.8858493580858724
1044,-10.765516249677662,-4.317886597069842
1045,-6.644126983804663,-6.536433877100613
1046,-9.43890951546799,-5.458239831142717
1047,-5.751422828533778,-3.5657168567833977
1048,-7.847358696060207,-3.0114823721210793
1049,-8.523864142644717,-7.20068028619255
1050,-6.469816649085668,-5.063033221776996
1051,-5.33457686732809,-4.500078925977936
1052,-7.829775433602945,-3.2053852180253726
1053,-7.948653502231082,-7.854393085555609
1054,-5.999823203006079,-2.360320852568886
1055,-7.872604550352802,-6.919803195324782
1056,-4.904426456798461,-6.154236090726936
1057,-7.262416485150644,-2.4293666524033637
1058,1.661518850221845,3.8062645384658467
1059,-9.237004894122753,-7.962840867349408
1060,-8.233843528456973,-10.052691204245495
1061,-8.135170475253819,-8.267009668937794
1062,-4.190672924755682,-2.7080420058291566
1063,-9.694122744584325,-4.754135586929971
1064,-6.667937931006264,-2.052368448553242
1065,-8.468464640251668,-3.266865907231559
1066,-7.288457071112959,-9.224607985010746
1067,-7.201254693414238,-9.522508509837369
1068,-5.234975945610582,-9.578384276886425
1069,-12.17874047073505,-3.351083419824667
1070,-10.773607327624967,-4.958945769319179
1071,-8.220673834757028,-7.040879452037403
1072,-8.099345164857688,-8.492587875205317
1073,-10.033702685380293,-2.9163095655892968
1074,-7.150035159591499,-2.76796668732984
1075,-9.732070101138817,-4.213814606228585
1076,-7.290302266015817,-8.450315525847932
1077,-0.8821407006996568,4.287718696740073
1078,-8.051119112213776,-3.890732542340706
1079,-7.0531266764645215,-6.945128643483496
1080,-8.431026302556957,-4.191096645508568
1081,-10.946152160106898,-4.376826844588741
1082,-7.362029443113842,-1.955172000860586
1083,-8.194123522166604,-4.40587352064723
1084,-2.0784978036266426,3.9273049537157556
1085,-5.154433972871448,-2.2283310113604506
1086,-1.7189278084970188,5.855479273001397
1087,-10.353125994145243,-3.8544063013307084
1088,-10.566861157165071,-5.015145308674053
1089,-1.0109162618578522,4.513833162666751
1090,-7.416992073358146,-2.4033690114534636
1091,-7.030953385266336,-7.888308147913843
1092,-1.3414057062698301,4.3872582347455245
1093,-9.721609749729826,-4.20036503824894
1094,-1.8546172468244206,5.211883293075343
1095,-6.185678242387,-2.9834280672138935
1096,-10.833761983705486,-3.8457536091946896
1097,-6.306622751508539,-7.749504027546429
1098,-9.901598361313582,-3.8012962064297757
1099,-7.365986329200779,-3.825162594083031
1100,-1.5515290886361741,4.435907487813927
1101,-9.983264088635314,-5.432928581979317
1102,-6.400050011347933,-3.5017797972316735
1103,-8.453020869772102,-3.4087080462670625
1104,-8.45850549399804,-5.10205277700015
1105,-9.492349062140548,-3.4384837095073606
1106,-2.039077421482399,3.3916861779844902
1107,-7.201520283364517,-9.51709612924448
1108,-1.8277587456932356,4.232309524535171
1109,-5.784034390944989,-2.595136221995533
1110,1.371297206423511,5.231074493876619
1111,-6.379029697857417,-1.2239701162260548
1112,-10.43591277099177,-3.7678129263966493
1113,-6.415908577637689,-8.73907185199766
1114,-6.437920778659432,-2.507600514828324
1115,-0.10075436532866022,4.515892565268589
1116,-7.187605869197343,-1.9536440733525058
1117,-0.5257904636130821,3.3065986015291307
1118,-8.04981068925234,-7.905774235677327
1119,-10.87790156819468,-3.972349068910521
1120,-6.859406609728016,-3.7463815989485423
1121,-9.242320474462247,-3.2523664258399605
1122,-9.072211288950715,-4.410336404956742
1123,-11.785450212070943,-4.139159404143533
1124,-9.965097020496424,-5.23098488244444
1125,-3.31028117177262,3.515934284680113
1126,-11.245446624558921,-2.4910805645877305
1127,-2.1257147627744475,5.7914812124918
1128,-5.190843794246872,-3.1018808704842185
1129,-6.510381424393317,-3.980043098050905
1130,-6.5039641252443925,-9.07488715913784
1131,-0.5605635732013403,3.5048553783671634
1132,-11.266571462826901,-2.1945891972793703
1133,-5.787885418972799,-3.8531250854086423
1134,-9.963646641099249,-3.9449893846057216
1135,-5.292802114727423,-2.650223461050004
1136,-8.675018518544462,-3.7591735310694276
1137,-8.190334929907937,-8.495799046936424
1138,-5.22901263811781,-7.965939410484388
1139,-6.830110902606831,-6.676414495997861
1140,-1.209342163910674,5.033926951596272
1141,-8.868825808973641,-7.883529257814274
1142,-10.034530160170128,-3.8409800585709855
1143,-8.59091737164034,-8.915312909869177
1144,-8.599582243869857,-9.004490303634572
1145,-1.0572406256528906,4.826772072490221
1146,-10.212366345879124,-2.9321004212643036
1147,-1.198395805971502,3.230507197401846
1148,-9.191799196314511,-4.17290071445737
1149,-6.821767685485499,-3.351039332743616
1150,-6.44261386901713,-2.501335907712451
1151,-5.1933098519363785,-2.0879995333645818
1152,-1.911234113579944,4.789205042567525
1153,-6.934122223443288,-3.6443425745964535
1154,-7.675345427100156,-9.209400241029854
1155,-10.106610970491143,-3.0157937044954584
1156,-11.311913536179924,-4.195150412686077
1157,-6.839692749358088,-7.617557515254226
1158,-5.112207225670549,-4.459639007927427
1159,-10.238413005405087,-4.809019939757703
1160,-6.1090055362932585,-7.891826069083825
1161,-7.386030163711033,-8.120164198894585
1162,-6.417507067806333,-6.766402510683001
1163,-6.314507372165242,-8.23582334358572
1164,-11.973442645526937,-4.542279723406949
1165,-2.4820270948527714,5.128201160955854
1166,-4.956133753659112,-6.539666553531759
1167,-1.7660200275040594,1.615493462149315
1168,-11.065589080139656,-4.030027910068936
1169,-12.168423562730172,-4.568840186788959
1170,-4.185054855397093,-2.6114487994488385
1171,-9.436074407129697,-2.4385981648809536
1172,-6.308525293447233,-3.17307972624467
1173,-10.598216842277383,-4.601984314964781
1174,-9.013700266712862,-4.513029969281762
1175,-7.450870277186484,-9.897600479177937
1176,-0.8507155456828375,6.196244552049433
1177,-6.025003298497683,-4.246302296863606
1178,-9.85883362911693,-5.157449897032907
1179,-3.5453336370014883,-3.2029425271419654
1180,-1.3090139272844121,3.09420645760573
1181,-1.249294160551675,5.266360840640074
1182,-1.8429601032685434,5.5074900715116435
1183,-6.305597084507891,-1.5098715541974868
1184,-6.383480273524133,-7.419216294705137
1185,-3.611665193193752,3.004160723390025
1186,-9.094003070435145,-4.517512477908587
1187,-4.664591749456521,-2.4662905283511645
1188,-5.625051081821133,-3.4369412747651578
1189,-5.681672206070572,-4.124974025530945
1190,-9.612110211308776,-3.2350578116088617
1191,-9.094827252843027,-7.54528151853491
1192,-5.785082012027097,-8.604984046219133
1193,-6.0279425013609105,-2.7473964120636705
1194,-9.917152133051014,-3.035928780960964
1195,-10.180774490615075,-4.174377449151541
1196,-4.482182700814075,-3.7278819593358374
1197,-6.804054906468468,-7.8937403980576235
1198,-10.527832303853152,-4.360588571375136
1199,-8.363142814130958,-1.930403664140602
1200,-1.0410207751622265,3.9633179381425236
1201,-7.225317391733766,-9.5146821447724
1202,-8.374250400360015,-2.796904940969558
1203,-1.637697069321967,3.93781605256527
1204,-0.6732247181272776,4.620023770178603
1205,-9.080380192650932,-7.789133858010307
1206,-4.526433806291866,-2.612501643432061
1207,-9.329832942288766,-3.9836453268020167
1208,-5.8924329961369954,-8.97482858919684
1209,-5.907919686599508,-8.326067476519517
1210,-1.4270653467697816,5.089041275707647
1211,-5.613681308973907,-4.685999703396801
1212,-0.9755585777665665,4.053079885976147
1213,-5.980056257584639,-3.257447745883002
1214,-7.924709207525244,-8.591136315639533
1215,-7.875022214301447,-7.5385655184986895
1216,-4.934523862117277,-4.725259470084306
1217,-2.459107396640279,4.114895273342329
1218,-1.642395179574431,3.9773475906080678
1219,-1.242257900973657,5.191260519858751
1220,-7.287101659335744,-7.244888414454795
1221,-7.822333217060898,-8.51587402339147
1222,-2.776029923833264,4.48741696981644
1223,-9.097775635657538,-8.601549760248998
1224,-5.416331093662131,-6.694454893857773
1225,-7.326663879619054,-8.985941617408832
1226,-3.5175417703952716,5.642653899295982
1227,-11.109530594428623,-5.139900248308213
1228,-8.309328720658096,-3.716024183400011
1229,-7.185592650433752,-8.150319817465956
1230,-8.457221171955748,-2.9889240111154978
1231,-8.895475771067758,-5.182922800909633
1232,-8.61866479365489,-8.836075949075784
1233,-11.095795649074132,-3.1947114843417563
1234,-4.687713250507685,-2.422404403013234
1235,-6.633816379666088,-5.57368086769401
1236,-8.523218123021703,-7.201846292144099
1237,-1.208436967213921,3.7115689676579224
1238,-9.277026568890932,-5.498796184782998
1239,-9.240384379356039,-4.026240792575081
1240,-10.35693659936384,-3.447966644610287
1241,-6.248663792915966,-2.5595741548749054
1242,-0.27078050957825117,3.7451456256901428
1243,-9.848342545538214,-3.3712611598798623
1244,-1.1389835688751488,3.262148479220019
1245,-9.823658037491374,-3.775402989401594
1246,-0.27324564170220067,4.954619453531355
1247,-6.746257488337736,-8.426605243019663
1248,-6.080252679681004,-9.740296924710268
1249,-9.515536755219642,-5.832635538813373
1250,-1.5394009534668904,5.023692978550581
1251,-1.0377564016429472,3.806685337772314
1252,-9.706924557184395,-4.391403054850828
1253,-6.913956766682381,-7.5834768136193755
1254,-2.1195027367892068,5.050843534873484
1255,-8.071911864800796,-1.8026592106868569
1256,-6.088572026928369,-3.092615402205522
1257,-8.280623770596778,-4.757625540086418
1258,-9.808513751828002,-2.729412538446307
1259,-6.548995464701822,-8.913832861537268
1260,-9.382986227825652,-4.302332738278757
1261,-12.158340507952769,-3.5466928980146664
1262,-10.224965013013446,-4.680824657083006
1263,-11.550411286829936,-3.3748841271069625
1264,-8.684817092123373,-3.929991519793547
1265,-5.712253988921679,-1.4100250596450128
1266,-1.8371921019320705,2.896033493755593
1267,-10.803890715606558,-3.9042868549901018
1268,-0.6194707527944243,3.4880498305431358
1269,-5.693557500725674,-4.279436692699921
1270,-10.911155913307875,-4.577253700031867
1271,-9.64384207677026,-4.140303563895954
1272,-6.771310096409482,-8.514631965159184
1273,-8.773690047157324,-3.6201810005752693
1274,-6.154545625940573,-2.2687655536122815
1275,-7.812330613662061,-2.311966174808252
1276,-2.163533855090837,4.424445760493988
1277,-6.143703572771611,-2.7397017749243906
1278,-6.131252555448853,-9.917002820375336
1279,-12.66183844291524,-4.379777164996727
1280,-1.0749132954710934,4.730764112291583
1281,-8.073897077682176,-4.559329867901802
1282,-9.325092755531623,-1.5244715778402256
1283,-9.31673357633905,-2.190739645946557
1284,-5.926709414376662,-7.857788439965406
1285,-1.4785211615906486,5.513665319792224
1286,-2.656579701478202,4.299695882063936
1287,-10.862542445118688,-3.3445994650215023
1288,-1.8959968577615063,5.134303368842811
1289,-6.57814688722365,-4.5229991761281525
1290,-9.658224698084114,-3.6604174216826335
1291,-7.5655925492512655,-9.176590306110892
1292,-1.1300945815958103,4.544191078840548
1293,-5.434252391518703,-7.980412020520386
1294,-11.381091856139266,-3.2359199253261473
1295,-7.876492194230579,-8.725208082803501
1296,0.5311398230212139,2.510128945952069
1297,-2.8588279382837056,5.2698351863871835
1298,-9.578117266103542,-4.044427282290385
1299,-3.532720883583821,5.327104986898117
1300,-11.422046178834103,-2.6591662341040303
1301,-5.340400398464732,-4.1717630648508495
1302,-3.4474727971482353,4.768337184682729
1303,-5.887811963437494,-6.513170736974973
1304,-1.2871030544370772,4.258000065783768
1305,-6.735778145521892,-1.920447292788634
1306,-2.346732606068119,3.561284227344442
1307,-1.5179193682827143,1.8901860078774124
1308,-5.152813437120643,-8.28357003690605
1309,-9.182112143942224,-4.2353544497741655
1310,-3.3337557135674514,5.231519693282148
1311,-6.848447919308472,-8.976672008817404
1312,-0.21668297745221032,3.866808306640669
1313,-9.947395417505966,-3.3030253331108588
1314,-10.975485505186068,-3.7813914151956136
1315,-2.426869732280254,5.081060575799166
1316,-1.7989117113994408,3.67795237941846
1317,-7.0948180604929885,-8.86216481826462
1318,-8.101538051219542,-7.6080005136392
1319,-7.279560380386888,-2.33396872485795
1320,-5.606232376434437,-3.376361085643361
1321,-6.773223673532062,-3.393529064950506
1322,-6.486471646924937,-9.049358540870529
1323,-7.517987135035672,-8.894191447230403
1324,-1.888325734818682,6.019851243406277
1325,-11.747117925382323,-2.6274258638747225
1326,-6.754258363442268,-8.278675298490617
1327,-9.947790015585245,-3.733871053587768
1328,-6.365140140057921,-3.5775563164707505
1329,-2.511015562479346,5.407371292523463
1330,-7.042954248820713,-4.1490592779643505
1331,-9.058018729390014,-8.210909862528382
1332,-8.125409241377774,-3.185530418372342
1333,-0.908222670788035,4.546885305290512
1334,-10.95897610268361,-5.411673007756359
1335,-0.6494327286137951,5.326507802090925
1336,-6.0187433863160615,-3.8040175999105004
1337,-7.5142280312101315,-7.0679767842541015
1338,-6.180380365200379,-4.545475753167111
1339,-2.8554214162730016,6.912470154161834
1340,-6.993216729348684,-3.014308364216
1341,-9.279496121091247,-4.699522258020552
1342,-3.0082563527457618,5.709025405329342
1343,-5.907927299059714,-7.612694943379433
1344,-6.263574575200306,-7.757397553487897
1345,-0.757969185355724,4.908984207745029
1346,-6.528117338420437,-6.876678329109947
1347,-7.069158438328503,-7.454881812009653
1348,-1.7288886026390025,4.298097801669622
1349,-9.56271417939026,-3.042924944360121
1350,-8.27873754027168,-3.218567169394182
1351,-5.197275790245989,-3.116830878061366
1352,-7.631657833460392,-8.833171905400498
1353,-9.811500805183497,-3.095062546480997
1354,-4.930330624745075,-8.180192493907075
1355,-6.84680368587157,-8.471043670938826
1356,-2.468407102420648,4.963929321701195
1357,-4.357921647614567,3.193151743014457
1358,-10.090144822194688,-4.191223812820037
1359,-2.8793043029275522,6.855858517904559
1360,-8.836426810311295,-2.8833830084130714
1361,-5.9585264910561895,-3.707226681552893
1362,-10.55398047226937,-6.5539903564763
1363,-5.934440810193225,-3.553479927963652
1364,-1.7755450914209159,4.231030900181409
1365,-6.025124757573053,-3.7519412904348868
1366,-7.575269555372562,-2.5876290681414424
1367,-11.321457914881655,-3.7370155897427306
1368,-6.192945563849247,-2.5940232105450396
1369,-1.8818880485588787,4.205731799913164
1370,-12.512637128058879,-3.138723532378916
1371,-8.027544748037734,-9.405185537031372
1372,-9.066456824884982,-3.003539732151875
1373,-7.5031461326785704,-8.173981366222469
1374,-6.170605796573963,-2.3759081596830236
1375,-5.802659856545416,-3.7255204833296682
1376,-1.8513954583101344,3.5188609047583252
1377,-7.869423769011181,-8.799810320005431
1378,-2.966093978792538,4.482870349002754
1379,-2.279560749896649,5.104521902915381
1380,-6.408489644685927,-2.303996268078726
1381,-1.2878896147366543,6.25949935391254
1382,-6.918350110892665,-7.901368401370542
1383,-5.906130079450698,-2.9841531357985915
1384,-8.452062703618529,-8.236621377527419
1385,-6.4706106343216,-7.937368432263439
1386,-6.919894856656632,-6.1351062522836814
1387,-9.428808413150385,-2.0245482420090872
1388,-8.489743085312105,-9.05667083098354
1389,-6.047886497985169,-8.040117522750016
1390,-5.896965981148622,-1.8584861143226077
1391,-7.19658774623203,-5.98089530836862
1392,-5.735541949719454,-4.293262895713943
1393,-2.4897318012636336,3.5259122689989906
1394,-10.131201173019162,-1.9667834364208046
1395,-5.244041441383933,-3.4367221275665174
1396,-1.564134818757262,5.327939937502673
1397,-6.986190133817052,-9.346596794986972
1398,-6.792376298377517,-2.877350490147426
1399,-9.75720695150574,-4.952775048721384
1400,-5.792258852363244,-9.151794519413249
1401,-8.74555665642905,-9.964981819343183
1402,-4.475583961504087,-3.3241964171757616
1403,-0.9190034548522448,3.452789267035227
1404,-7.713990131490654,-3.9823956004784433
1405,-9.58683956565403,-3.7619846322242845
1406,-4.690133732859148,-1.9533014903430217
1407,-1.7440679333531492,4.109127986069658
1408,-1.340520809891421,4.157119493365752
1409,-8.293150824141389,-1.6496500566051115
1410,-6.34934539860102,-6.522321850543671
1411,-5.875871426599349,-10.47165658231145
1412,-6.8088027462057745,-8.359989438682415
1413,-5.707315705694774,-8.243397421713478
1414,-1.509543627220716,4.870024190574827
1415,-9.634364585078837,-4.933068738808184
1416,-7.436946864667698,-8.068930713713755
1417,-10.354900029256118,-4.474724932771243
1418,-0.9985396183498266,6.198648077818729
1419,-7.852195725626051,-7.906305373485288
1420,-2.4374187325759324,5.52233097676733
1421,-0.8062777201247864,4.266778138402089
1422,-2.1577734695795976,4.095504890540311
1423,-5.805748654057979,-8.905205538834986
1424,-7.482380006391903,-8.021445804106522
1425,-9.033689871435683,-3.512392546682761
1426,-7.5280192454084105,-8.394891889294307
1427,-7.892566140930741,-7.1893235071820865
1428,-9.574709294069825,-4.0875971119935235
1429,-10.000459899381076,-2.6182072196445736
1430,-2.7786753045082477,6.362568772546803
1431,-6.309006572539192,-3.370284779689729
1432,-5.7425075927250635,-3.4063747869691707
1433,-10.006914047896501,-3.286737861957094
1434,-2.2849019074145076,3.812646801588652
1435,-10.033993792206804,-4.785743895051894
1436,-5.458806618634417,-3.2424327840804708
1437,-8.135326509664251,-4.3810620805077845
1438,-5.072736421439995,-4.36065903755367
1439,-2.7729960089215098,4.339079843896307
1440,-5.69305648347703,-3.6653923457599222
1441,-9.198471632517581,-2.6218160237842767
1442,-5.919623094642844,-2.5634252511300066
1443,-7.839724540419207,-2.1366033323986318
1444,-5.252705092062722,-8.67071792708602
1445,-0.32810279336092774,4.119182005367143
1446,-4.6806583928131404,-2.790986420678075
1447,-0.8486082331449638,5.4509319635504205
1448,-8.889095745663425,-4.656268950273374
1449,-2.074406807236755,4.8584359061643845
1450,-1.3492876181647522,2.3122420526203493
1451,-7.70775577857737,-7.318169739262896
1452,-1.960536059903858,5.2139457858484315
1453,-2.1156774610972047,3.4265996171813606
1454,-9.78861582707758,-2.398332553030116
1455,-6.721422422898351,-3.2916939637227296
1456,-9.870397868081012,-4.024298222264063
1457,-7.650403930435452,-6.665086537850969
1458,-7.046564918786333,-8.276623614623011
1459,-8.121983283328449,-3.2737348236102597
1460,-6.4372929734699476,-3.5752568112072627
1461,-5.288599844173287,-1.6560290325169016
1462,-6.055791920985588,-8.041255417127516
1463,-7.438358639046318,-9.474334678279915
1464,-7.815913130836086,-8.512195398681092
1465,-7.274911492393265,-2.541787229493586
1466,-7.00334821179478,-6.559542545102358
1467,-6.837055268797125,-7.229375976618547
1468,-7.89915473561247,-3.9319027892318843
1469,-6.011839807635065,-7.528009917656736
1470,-2.5934745615750208,3.8734695427595622
1471,-7.207472475487384,-7.887297960255793
1472,-9.55261579330853,-3.8552363011412134
1473,-6.141126214593774,-10.607120034955312
1474,-9.549331852871415,-2.828025048698951
1475,-1.3739725806942609,5.291631033113889
1476,-5.734490256176365,-3.5960426618267154
1477,-6.109413872482926,-1.8443263971101151
1478,-8.6887801693716,-3.2202759868207584
1479,-6.968142829061002,-7.083727103590255
1480,-5.988464669977375,-3.646619413544899
1481,-6.5073495422804175,-8.595883514294197
1482,-1.1441461041652785,3.2916188164772247
1483,-0.8743329863138314,3.741622101875948
1484,-1.038477205109511,5.362611572967858
1485,-7.347935051579194,-9.445965507248552
1486,-2.168532183771381,4.240003913957202
1487,-9.986275932497685,-2.522415749520568
1488,-10.118601814139438,-4.2139091379855556
1489,-7.762990766027215,-3.9065023425049032
1490,-2.071199069137002,5.685017951684883
1491,-1.8165535784418374,3.07128714582797
1492,-0.25201990570729094,4.535591448553887
1493,-5.715654505395028,-9.428341969294209
1494,-10.659604338592773,-3.694316645571201
1495,-8.026245986219193,-9.580243733335672
1496,-8.43902424913072,-1.5836183582983008
1497,-10.624319948250154,-3.1812288699225055
1498,-10.813259854857847,-4.683275159650844
1499,-9.215925338861696,-8.016927099253772
